Meghan,Station,North Yvette,
Gregoria,Valleys,South Selinaport,
Rubie,Expressway,Raphaelview,
Melisa,Cape,Lake Peter,
Anahi,Vista,Rohanfort,
Abigail,Drive,Port Barney,
Kelsie,Ridge,Port Myrtie,
Bonnie,Turnpike,Langworthburgh,
Ruth,Branch,Citlallifurt,
Ressie,Corner,Lake Gardner,
Kenya,Shoal,South Fritz,
Lera,Springs,Pacochaview,
Gloria,Isle,Ressiemouth,
Lucienne,Stravenue,Brandtstad,
Winona,Shoals,New Blazeview,
Jazmin,Prairie,Leoniemouth,
Lavinia,Mountains,Teresafurt,
Evie,Bridge,Bahringerstad,
Helena,Ford,Maximoview,
Destiney,Corner,West Briellefort,
Leda,Shoal,West Asa,
Verla,Bridge,Crooksview,
Gwen,Manor,West Darylhaven,
Aniya,Hills,Declanstad,
Ruth,Plains,New Doloresmouth,
Laurence,Drive,Grahamview,
Florence,Brook,New Idella,
Aglae,Skyway,Queentown,
Catharine,Mill,Lake Juston,
Karen,Green,East Elsaview,
Gretchen,Pine,South Jaylin,
Ressie,Locks,Archibaldchester,
Natalia,Squares,Wisokyborough,
Elise,Port,Wisokyfort,
Mazie,Courts,North Evans,
Yasmin,Underpass,New Estell,
Scarlett,Path,Flatleyberg,
Alene,Cliff,Port Arnomouth,
Janie,Valley,Dorristown,
Kristin,Hill,Sandyton,
Kiarra,Mount,Schusterview,
Kira,Skyway,Nikolauston,
Breana,Path,Feilburgh,
Zola,Extension,Mooreton,
Arianna,Manors,Lake Ike,
Chelsea,Ports,Hermanburgh,
Myriam,Overpass,Dustyberg,
Nola,Run,Lake Koreymouth,
Concepcion,Underpass,Naderhaven,
Ardith,Throughway,O\Harabury,
Gerda,Shore,West Carmella,
Brianne,Summit,Gaylordport,
Nyasia,Forges,North Belle,
Michele,Knolls,New Tarynstad,
Alda,Road,Shyannland,
Gabriella,Summit,North Ben,
Francesca,Radial,Lethastad,
Daphney,Ridge,Bechtelarborough,
Karianne,Meadow,Koeppview,
Gladyce,Drives,New Marjoryburgh,
Kassandra,Lodge,Harberberg,
Carrie,Spurs,South Alyshastad,
Sally,Trail,Port Lennie,
Christiana,Fork,Port Macie,
Rosie,Lake,West Emeliaton,
Jakayla,Shores,East Malcolm,
Margot,Islands,Breanneland,
Isabella,Freeway,New Aliviaside,
Keira,Lock,Sengermouth,
Kaitlyn,Prairie,South Jonathanland,
Addison,Meadow,East Ted,
Meredith,Mountain,Anibalbury,
Shannon,Station,East Ivah,
Tabitha,Meadows,East Freddiemouth,
Dorris,Summit,East Kirstinhaven,
Lisa,Forest,New Triston,
Freeda,Plains,Port Ova,
Talia,Ford,Malindaburgh,
Laurianne,Lodge,North Erinmouth,
Shea,Centers,Pouroshaven,
Theresa,Haven,Marquishaven,
Chelsie,Isle,Lake Lorenzahaven,
Edythe,Well,New Bernhardside,
Rhoda,Gardens,North Krystal,
Nicolette,Plaza,Port Cassie,
Marjory,Streets,West Axel,
Joannie,Path,East Chyna,
Brionna,Motorway,Kennytown,
Brionna,Causeway,Angeloburgh,
Trisha,Cape,Luisside,
Neha,Loaf,Lake Conrad,
Bailee,Hill,Josefinaview,
Caleigh,Locks,Port Maritza,
Oceane,Port,Beattyfort,
Patience,Passage,Jacobishire,
Luz,Ways,Zulaufland,
Christina,Roads,South Donnymouth,
Liza,Parks,West Bayleeside,
Litzy,Well,New Bryanaville,
,Halie,Corners,Adellhaven,
Alexa,Square,Okunevaberg,
Eldora,Forges,Elnoraside,
Lavina,Spring,Manuelamouth,
Itzel,Crest,New Henriette,
Jennyfer,Mill,Port Ebonyberg,
Jewel,Trafficway,Douglasfurt,
Sister,Station,Devinmouth,
Magdalen,Tunnel,New Krystelstad,
Ardella,Shore,Lesterside,
Mayra,Spurs,New Loraine,
Ethelyn,Brook,Bartolettibury,
Elody,Lake,Lake Dante,
Magdalen,Estate,Lake Jaydafurt,
Lina,Roads,Myaport,
Zoey,Divide,Port Winfield,
Gia,Ridges,New Destiny,
Margaret,Haven,Port Alena,
Melissa,Circles,Mattstad,
Julie,Falls,Bradybury,
Lora,Station,North Myra,
Dayna,Lights,Luciennefurt,
Deanna,Turnpike,Murazikside,
Carmen,Way,Port Joanny,
Mayra,Squares,Raynorberg,
Hallie,Coves,Port Leilaniside,
Cristal,Garden,Moniquehaven,
Aleen,Field,North Green,
Caleigh,Burg,Gislasonhaven,
Esther,Cliff,Keelingfort,
Novella,Parkway,South Jeremyport,
Karine,Rapid,Zboncakhaven,
Rachel,Island,Loganville,
Marcia,Islands,Rowemouth,
Roberta,Extensions,Bayermouth,
Sibyl,Camp,North Eastonton,
Alexandria,Green,Marquesville,
Adella,Turnpike,South Marcochester,
Jade,Highway,Celestinetown,
Itzel,Pine,West Ardithmouth,
Jazlyn,Shoal,Williamsonmouth,
Linnea,Falls,New Tannerport,
Sydni,Trace,South Alexander,
Mariana,Rapids,North Nakiaville,
Dorris,Knolls,Adriannaton,
Emelia,Mountain,North Camronstad,
Jana,Forge,Jammietown,
Shaina,Crest,South Henriview,
Alba,Loaf,South Emiliano,
Anabel,Ford,Otiliabury,
Joanie,Burg,Hildegardhaven,
Oceane,Fall,Merlinview,
Jacquelyn,Turnpike,Connellyland,
Ena,Ways,West Enrico,
Mazie,Village,Ashlynnshire,
Esperanza,Oval,West Mazie,
Stefanie,Roads,Baileyport,
Juanita,Groves,East Gaetano,
Anabelle,Lakes,Lindgrenside,
Daisy,Viaduct,Port Richie,
Allison,Cape,Pfefferchester,
Stella,Locks,Jazlynberg,
Destany,Court,South Godfreyshire,
Alexa,Greens,West Jairohaven,
Lulu,Key,Schaeferfort,
Felicity,Meadow,East Crawford,
Era,Garden,Kiehnport,
Ruthie,Mountain,South Teagan,
Jolie,Parkways,Coleshire,
Chloe,Isle,Watsicaport,
Mona,Passage,Jaquelinton,
Chanel,Courts,Wardhaven,
Colleen,Burg,West Euniceberg,
Hillary,Ridges,Port Sigmund,
Filomena,Drive,Orvilleview,
Dakota,Village,Marilynefurt,
Kacie,Canyon,Lake Carashire,
Nia,Neck,South Noemi,
Georgette,Mountains,Sydneeside,
Charity,Curve,Terrancestad,
Tina,Fork,Valentinachester,
Norene,Parkway,Dietrichborough,
Shakira,Creek,West Dollyburgh,
Johanna,Falls,South Kyleighville,
Yessenia,Stravenue,Boyerchester,
Mable,Camp,Spencerbury,
Lexi,Square,Port Edachester,
Eldridge,Courts,New Marjorieburgh,
Bette,Roads,North Randi,
Angeline,Loop,North Stonestad,
Loraine,Harbor,Lake Ramirofort,
Michaela,Causeway,Olemouth,
Daphnee,Mill,Lake Fannie,
Elsa,Road,Ernserbury,
Mossie,Springs,East Jaydenland,
Dayana,Junctions,West Nico,
Ellen,Pike,Paulatown,
Alvena,Rapid,Kutchstad,
Josiane,Bypass,New Blakefurt,
Rossie,Stream,Predovicside,
Juliana,Summit,East Ethelyn,
Aglae,Land,Kozeyberg,
Maryse,Drive,Binsview,
Billie,Run,Mayeshire,
Gail,Forges,Astridview,
Corene,Lake,Lake Roryville,
Magdalen,Pine,New Armando,
Kristin,Grove,North Ofeliaburgh,
Laila,Alley,South Darrin,
Maryam,Lights,New Corrinestad,
Anita,Extensions,West Vinnieville,
Modesta,Rapids,Port Brennonbury,
Lavada,Valley,Bergeton,
Ida,Mall,Port Sydnee,
Shayna,Mill,Caroleshire,
Betsy,Lock,Breanaport,
Lulu,Road,South Eliezer,
Maud,Tunnel,Jaidamouth,
Cortney,Cove,Schinnerton,
Asa,Isle,South Greg,
Catherine,Fall,Stephonchester,
Berniece,Meadow,North Nikki,
Hassie,Plaza,East Tateland,
Marie,Valleys,Cecilville,
Annie,Field,South Stanley,
Bryana,Motorway,Feilside,
Lottie,Ville,South Elishafurt,
Bailee,Street,Port Aidenland,
Paige,Port,Lake Imafurt,
Geraldine,Club,Port Shea,
Helena,Station,Port Brandynmouth,
Mireille,Underpass,Port Marshall,
Katheryn,Lodge,Port Krystel,
Janice,Mission,Hesselland,
Gerry,Path,Armstrongtown,
Destiny,Wells,North Saige,
Albina,Forges,Port Chadrickview,
Lavada,Land,Roobbury,
Dorris,Stream,New Major,
Golda,Glen,Kuhnside,
Margie,Underpass,Stromanview,
Cheyenne,Path,Cormierbury,
Mara,Way,East Marquisville,
Margarita,Crossroad,Port Jamieland,
Sarah,Row,South Hazel,
Nayeli,Wall,Maximilianport,
Christiana,Dam,East Mitchell,
Kelsi,Turnpike,Berniceborough,
Vivian,Loaf,Joborough,
Coralie,Inlet,North Jessyfurt,
Leora,Lodge,North Linnea,
Rosella,Landing,Sadiebury,
Hope,Islands,East Vicky,
Sister,Island,Strosinburgh,
Eula,Haven,East Eugenia,
Liana,Turnpike,Cruickshankhaven,
Rosemarie,Path,Hackettview,
Ofelia,Forks,Jaskolskiport,
Lolita,Hills,New Deonte,
Nella,Cape,West Claudiechester,
Evangeline,Union,New Damarisville,
Annamae,Greens,Nyahborough,
Alycia,Islands,North Vinniefort,
Joelle,Lake,South Dillanside,
Stefanie,Union,Ernserchester,
Dixie,Grove,Ullrichview,
Yvonne,Turnpike,New Magnoliaburgh,
Mariah,Stream,West Thurmanfurt,
Jannie,Greens,North Quentinview,
Lisette,View,West Marvinview,
Eileen,Burgs,Lake Seanport,
Mckayla,Lodge,East Nolaport,
Neha,Way,South Charity,
Adelle,Parkway,Pacochastad,
Adele,Trace,Okunevatown,
Rosa,Lock,East Owen,
Tyra,Plaza,West Darrell,
Lessie,Wall,Bruceton,
Amely,Ramp,Veumfurt,
Anna,Village,Faheyshire,
Camila,Isle,Pfannerstillborough,
Kamille,Knoll,Champlinbury,
Santina,Brook,Port Carolyneview,
Frederique,Junction,Norrisburgh,
Alana,Port,South Ulisesborough,
Cassandra,Expressway,Lake Savannah,
Ursula,Flats,North Carlie,
Ellie,Terrace,Port Nelson,
Sandra,Lake,Lake Hal,
Joannie,Island,New Arthur,
Francesca,Extension,Kuhlmanstad,
Lauryn,Cliffs,Avisfort,
Carley,Lake,New Sim,
Lyda,Ridges,Port Bobbyland,
Shemar,Common,Wisozkport,
Lulu,Plains,New Joshuah,
Delia,View,Lake Dorcasburgh,
Hortense,Forest,Edwinaville,
Emie,Neck,Edwinaport,
Adelle,Gateway,West Lorenside,
Gabrielle,Club,East Kellenmouth,
Gabrielle,Field,Ritchiemouth,
Gloria,Ville,Boydmouth,
Anastasia,Flats,Kleinstad,
Yadira,Pike,Port Landen,
Savanah,Shoals,East Regan,
Violet,Key,North Osvaldo,
Providenci,Isle,Gregoriaview,
Ashlynn,Valley,West Reyeshaven,
Willa,Gardens,North Ebba,
Myrtis,Motorway,Powlowskiborough,
Valentina,Dam,Port Brando,
Stacy,Drive,Elmiraview,
Hailie,Mountains,Hammeston,
Janelle,Falls,New Sienna,
Angie,Passage,Joelleshire,
Genoveva,Lodge,East Kelsiburgh,
Marlee,Loop,West Maribel,
Era,Underpass,East Michaela,
Andreanne,Bypass,Frederiquehaven,
Amelie,Point,Ethaton,
Dolores,Glens,Port Guadalupeboroug,
Candida,Mews,Townemouth,
Esmeralda,Centers,New Neldaville,
Adrianna,Neck,Lake Sigridchester,
April,Light,East Barney,
Clemmie,Shoals,Othamouth,
Dayna,Points,Lake Nellefort,
Jana,Mount,North Vallie,
Aglae,Island,Lunastad,
Donna,Causeway,Gradymouth,
Maurine,Walks,Lucileberg,
Eleanora,Skyway,Meaghanstad,
Alessandra,Locks,Lake Kendall,
Alba,Oval,West Gerson,
Missouri,Haven,North Deron,
Josephine,Streets,East Alisashire,
Maureen,Islands,Maggiofurt,
Maryjane,Forge,Lake Miller,
Caleigh,Prairie,Elliotside,
Tania,Divide,Howellborough,
Amira,Springs,West Seanfort,
Genevieve,Heights,South Bradley,
Missouri,Mews,North Arely,
Onie,Burg,South Millie,
Elissa,Port,Katrinefurt,
Rozella,Course,Rontown,
Charity,Locks,East Zachariah,
Hertha,Station,Port Enriquetown,
Imelda,Forest,Port Gilbertfurt,
Selena,Prairie,Port Ressieborough,
Alvena,Skyway,Jonathanview,
Chanelle,Mount,Port Stan,
Emilia,Plaza,Kuvalismouth,
Princess,Locks,North Ignatius,
Pasquale,Route,East Beau,
Marie,Mission,New Raheemfurt,
Herta,Throughway,Odessafort,
Bette,Estates,North Cyrilmouth,
Sandy,Meadows,Larkinton,
Candida,Mall,Port Weldonport,
Ellie,Glen,Pouroshaven,
Bulah,Divide,Ressieville,
Jacynthe,Oval,East Nellebury,
Misty,Creek,Bettyland,
Myrtis,Roads,Wuckertstad,
Lempi,Inlet,New Lon,
Shakira,Unions,East Giovanna,
Marcelina,Forge,Spencerport,
Nellie,Shoals,Bulahview,
Emilia,Expressway,Pollichtown,
Chelsie,Shore,Kiehnshire,
Dawn,Rapids,West Eliasfort,
Audrey,Track,Earnestinebury,
Shania,Square,Parkerport,
Pattie,Camp,East Jabari,
Vanessa,Drives,Jakubowskihaven,
Lela,Underpass,South Demarioport,
Audie,Fork,New Emilieburgh,
Alexa,Crossing,Sipeschester,
Lexi,Station,Port Camilachester,
Salma,Bridge,Zolamouth,
Vivian,Port,South Elsieville,
Lelah,Ville,Amparoland,
Kirstin,Court,Lake Mylene,
Kyla,Drive,West Annabelle,
Yazmin,Canyon,Crooksland,
Justine,Mews,New Margarita,
Charity,Plains,Lake Marian,
Alexandria,Rue,Rossieburgh,
Christiana,Key,Langworthfurt,
Zoey,Mills,Queenberg,
Theresa,Club,West Dillan,
Claire,Grove,Johnsonport,
Anabel,Mountains,New Rosellafurt,
Daphne,Neck,Ericaland,
Tracy,Junction,Llewellynton,
Luz,Lane,Nickfurt,
Margie,Junction,Treutelville,
Alexandra,Squares,Ellenview,
Retha,Plains,Mannburgh,
Tia,Loaf,Lake Ilene,
Elsa,Via,New Noble,
Frieda,Unions,Lake Jade,
Darlene,Curve,Gutkowskistad,
Thora,Underpass,West Gerardport,
Jenifer,Glen,Port Cristobalfort,
Earline,Ports,Morganmouth,
Aracely,Vista,Hesselhaven,
Maida,Lodge,Jaylanchester,
Gladyce,Course,Raumouth,
Alia,Prairie,Estherhaven,
Isabelle,Forest,New Leonoraview,
Susie,Cliffs,Lake Melvin,
Carolyn,Prairie,West Cristianmouth,
Cleta,Flat,South Karellestad,
Natalie,Roads,Lake Brendaberg,
Zoe,Mission,East Dionburgh,
Vivianne,Ports,Kovacekbury,
Haylie,Shoals,South Rheatown,
Marlen,Cove,Lake Leannafurt,
Kyla,Corners,Maggiofort,
Bridgette,Isle,Westland,
Pearl,Stream,New Joview,
Emma,Knoll,New Drake,
Winifred,Locks,Ritchiefurt,
Meagan,Flats,West Eusebio,
Yvette,Spur,Port Maude,
Della,Park,Kunzeberg,
Mariane,Terrace,West Zanderhaven,
Aurelie,Camp,Toyfort,
Nicole,Neck,North Alysha,
Otha,Turnpike,Moenborough,
Elouise,Circle,North Sabina,
Elissa,Trail,West Elvie,
Gregoria,Rapids,Leonorastad,
Emilia,Centers,Johnsonville,
Tressa,Mountain,Quincyport,
Icie,Flat,Kautzerfort,
Sadie,Pike,Tillmanton,
Mae,Lodge,New Finn,
Polly,Inlet,Sengerstad,
Jessika,Oval,O\Connermouth,
Macie,Camp,Aydenbury,
Catharine,Village,Tyresefort,
Felicita,Parkways,Mollieland,
Ruthe,Center,Ubaldostad,
Rosie,Junctions,Jacobiland,
Yoshiko,Flats,Binsshire,
Amaya,Mall,Lake Justicehaven,
Johanna,Street,Heathcotehaven,
Henriette,Cape,New Mable,
Naomie,Causeway,West Salvatoreville,
Lucie,Forges,Fabiolaville,
Jayda,Lake,Lake Macy,
Ollie,Hills,West Deliabury,
Clarabelle,Land,Kohlerstad,
Astrid,Fields,Donbury,
Genesis,Ports,Johnsonshire,
Katrine,Vista,New Cody,
Pearl,Ford,Brialand,
Lauretta,Mill,Okunevatown,
Mara,Alley,West Loischester,
Caitlyn,Square,Lake Schuyler,
Lois,Shoals,Parisianchester,
Sydnee,Pike,South Murlview,
Zelma,Plain,Oranton,
Eliza,Field,Legrosburgh,
Kira,Light,North Berryburgh,
Karlie,Highway,Harveybury,
Mable,Extension,Braunmouth,
Kylee,Heights,East Cornelius,
Adela,Glen,Randallland,
Gwendolyn,Plaza,Linaland,
Janice,Trail,Lillymouth,
Teagan,Stream,West Creola,
Shirley,Trafficway,Port Eddietown,
Brigitte,Junction,Jeradshire,
Dahlia,Drives,North Ted,
Felicita,Plaza,Brownbury,
Missouri,Wall,Westonview,
Lelah,Viaduct,New Izaiah,
Kenyatta,Gardens,South Sarinachester,
Delilah,Rapids,Sashamouth,
Kiarra,Turnpike,South Miltonburgh,
Alexane,Rest,Naomiehaven,
Lilla,Points,New Nathaniel,
Nova,Course,Brakusfurt,
Tamara,Extensions,Baileemouth,
Queen,Run,Borershire,
Berneice,Trafficway,New Helenchester,
Kenyatta,Plaza,North Simeonburgh,
Alverta,Route,Krajcikberg,
Pearlie,Ford,Predovicville,
Adella,Trace,Stokeston,
Bridget,Place,Lake Arielle,
Betty,Roads,Jewellstad,
Jeanne,Mill,Port Magalihaven,
Madeline,Mountain,East Dahlia,
Leda,Shore,Joymouth,
Christy,Ford,O\Keefeland,
Christy,Field,Powlowskiview,
Jany,Plains,Lakinside,
Jenifer,Inlet,Port Maiya,
Brielle,Hill,South Sashafort,
Ernestina,Way,Darebury,
Alda,Stravenue,Lake Christstad,
Christine,Ways,Lake Melvina,
Ardith,Center,Port Cristobalburgh,
Bonnie,Harbor,Monserratefurt,
Justine,Oval,Port Jennieborough,
Lily,Forks,Daremouth,
Cristal,Dale,New Gonzalostad,
Summer,Islands,Nathanaelport,
Onie,Skyway,South Teresaview,
Alberta,Estate,Morissettetown,
Luz,Spur,Sauerton,
Adrianna,Court,Hellerton,
Jessica,Stravenue,North Emiliobury,
Marjolaine,Circle,Rathside,
Bailee,Views,North Lilyshire,
Rosalee,Key,Mathiasbury,
Nichole,Gardens,South Winfieldcheste,
Estel,Dale,Trantowview,
Roselyn,Causeway,Trevionstad,
Vicky,Brooks,Joanystad,
Lou,Hill,West Tyra,
Estefania,Track,Moenport,
Mariam,Bridge,Orionland,
Earline,Common,Verliemouth,
Zaria,Stream,Tylerton,
Eldridge,Summit,South Charity,
Shanel,Coves,Hauckport,
Samara,Park,New Bernice,
Zoie,Throughway,Johnpaulhaven,
Zella,Inlet,North Darronfort,
Jacinthe,Meadow,North Delaney,
Alysson,Manor,Bethelside,
Emie,Wall,West Haylee,
Krystal,Coves,West Yesenia,
Verda,Village,Lucianoberg,
Wilhelmine,Ford,South Mandyport,
Valentina,Springs,North Letitiaville,
Oma,Neck,East Carlofort,
Maureen,Lane,Morissettebury,
Leonie,Inlet,Zandermouth,
Kaela,Rest,Darestad,
Alvina,Plains,West Treland,
Viva,Underpass,Thoraport,
Electa,Expressway,Collierhaven,
Isabell,Lane,Daltonborough,
Rae,Grove,Lake Bradford,
Cindy,Expressway,New Vella,
Cierra,Hills,West Rosinaville,
Flossie,Harbor,Allisonchester,
Mallie,Valleys,Demetrismouth,
Carmela,Locks,South Jace,
Brionna,Junctions,Port Pink,
Summer,Mission,New Gretchenside,
Lucy,Park,West Kenny,
America,Mews,Ashlyhaven,
Ciara,Plains,Kihnchester,
Brenna,Throughway,Nelsburgh,
Katarina,Ports,Margarettside,
Michelle,Isle,Colleenchester,
Lela,Shore,Audietown,
Therese,Mountain,Kacieville,
Glenna,Avenue,Baumbachburgh,
Asha,Meadows,Port Alicebury,
Trudie,Squares,Port Martystad,
Marcelle,Drive,East Olinshire,
Vicky,Heights,East Katherynmouth,
Dulce,Run,Bayerchester,
Anjali,Meadow,Koeppberg,
Dominique,Loaf,Port Ahmad,
Adeline,Knoll,Jaidentown,
Candida,Junction,East Ken,
Lavina,Gateway,Kunzehaven,
Beth,Cape,East Cloyd,
Vernice,Circles,Lake Heloiseton,
Dena,Harbor,Bertrandburgh,
Vida,Fields,Trantowfurt,
Emmalee,Circle,Connellyshire,
Alejandra,Forges,Geraldinetown,
Roxane,Curve,Kristoferhaven,
Lizeth,Parks,North Winona,
Rosalia,Underpass,North Jo,
Freda,Passage,Schroederfurt,
Katlyn,Greens,Suzannefort,
Georgianna,Brook,North Gregorio,
Alverta,Green,East Emie,
Marge,Via,Kadinview,
Trinity,Freeway,Greenholtfurt,
Elda,Fords,Bonniebury,
Missouri,Divide,Dickensfort,
June,Glen,New Taurean,
Nyah,Isle,New Lolashire,
Madelyn,Ramp,Ikemouth,
Sydni,Lakes,West Miracletown,
Autumn,Union,New Franzville,
Celine,Pass,Lake Bethanyton,
Melody,Manors,West Allenview,
Danyka,Square,New Ellen,
Novella,Ridges,New Hayley,
Renee,Ports,West Roxanneborough,
Lisa,Plains,New Rubieburgh,
Katrina,Bypass,South Susie,
Barbara,Rapid,Caliberg,
Jewel,Points,Crooksborough,
Idella,Street,North Noemie,
Elise,Mount,Vitaburgh,
Eudora,Place,Casperfurt,
Zula,Divide,Swiftbury,
Mozell,Course,Krajcikview,
Viola,Port,Lake Colby,
Mariam,Place,Lake Jadyn,
Christa,Neck,North Aprilfurt,
Jewel,Creek,East Nicholausmouth,
Lorena,Shores,Lake Stacey,
Maggie,Prairie,Romaineburgh,
Mikayla,Crossroad,New Verdie,
Abbigail,Expressway,Dickinsonburgh,
Kailey,Via,Gissellefurt,
Vickie,Forest,North Daynabury,
Anjali,Crossroad,New Greenview,
Pansy,Burgs,Lake Kennith,
Nellie,Squares,Zacharyton,
Aimee,Knolls,Dakotaland,
Annette,Islands,Deckowport,
Brandyn,Bridge,Port Buck,
Rosa,Viaduct,East Skye,
Assunta,Vista,Vestaville,
Alda,Bridge,South Eladio,
Loma,Manors,West Sarinaville,
Yazmin,Valley,Laishaville,
Neva,Mountain,Bayershire,
Cassandre,Road,Port Kaylitown,
Sierra,Hill,Lurlinebury,
Earlene,Forge,Neldaview,
Ashlynn,Groves,South Kamryn,
Gia,Street,East Noel,
Maia,Causeway,Port Ardith,
Wendy,Via,Denesikport,
Zoey,Fields,Zitaburgh,
Germaine,Lane,Hesselfort,
Norma,Ford,East Elvie,
Bernadine,Viaduct,Shanyberg,
Margaretta,Motorway,Orinland,
Marcia,Junctions,Danteshire,
Rosemary,Port,Genevieveborough,
Oceane,Estate,West Kaleighmouth,
Brenna,Haven,South Albafort,
Emely,Glens,Modestoberg,
Carmen,Bypass,Majorport,
Kaelyn,Throughway,New Katrina,
Alexandra,Stravenue,Cassinville,
Jacquelyn,River,Friesenfurt,
Polly,Street,Lake Gustavefurt,
Haylee,Mountains,Velmaborough,
Marguerite,Unions,North Merl,
Lola,Crest,North Efrain,
Kylie,Freeway,Tyreseside,
Carolanne,Port,East Joeyside,
Madeline,Trail,New Providenci,
Virginia,Keys,Lavernhaven,
Retta,Road,Shanonshire,
Angela,Meadow,East Ryder,
Hollie,Club,Johnsonport,
Meagan,Vista,East Noemie,
Magdalena,Plaza,Terrellshire,
Angela,Brook,Esperanzamouth,
Amely,Union,Port Berneicefurt,
Elaina,Extensions,Cruickshankbury,
Yvonne,Trafficway,Dashawnview,
Aubrey,Forge,South Jerodmouth,
Tania,Branch,Halvorsonchester,
Shanel,Shoal,Lake Wilmer,
Ivah,Pass,Gordonfort,
Bridgette,Ports,East Cheyanneton,
Serenity,Summit,Rodriguezfurt,
Sandra,Points,Port Juliettown,
Elvera,Hills,Lysanneshire,
Lina,Shore,Lake Daisha,
Eva,Land,Brakusburgh,
Alana,Mountain,Erinchester,
Esther,Pike,New Maureenville,
Madelynn,Rue,Braedenview,
Gloria,Glens,Vandervortshire,
Elvera,Bypass,New Michelle,
Destany,Passage,Port Gabriella,
Wilhelmine,Walks,Lake Abigayle,
Mariane,Plains,Raynormouth,
Candice,Trafficway,Smithamstad,
Jana,Corners,West Tamiaside,
Esta,Mall,Hicklechester,
Laury,Meadow,West Susieview,
Octavia,Fields,Port Doug,
Sylvia,Meadow,New Janychester,
Ivory,Glens,West Giovani,
Iva,Haven,Shieldsberg,
Annamarie,Ways,Wernermouth,
Rhianna,Stream,South Stephen,
Aiyana,Ports,North Elmerfort,
Alicia,Tunnel,Kimberlyside,
Felicity,Motorway,South Ahmed,
Maxie,Crescent,North Marvinshire,
Kira,Lane,Timmyfort,
Bessie,Island,Reneeborough,
Crystal,Ridge,Huelshaven,
Diana,Springs,New Dominic,
Chanelle,Trail,Konopelskichester,
Gerry,Ville,Emmyport,
Cathy,Motorway,North Tyraborough,
Jeanette,Orchard,South Lucius,
Ruby,Island,East Heather,
Elfrieda,Village,Port Verda,
Ethelyn,Rest,South Nelson,
Lilian,Mount,East Thorahaven,
Laurianne,Crescent,Boylebury,
Josie,Light,East Stanton,
Marlene,Mount,Erickaberg,
Rebekah,Port,Hillaryview,
Sophie,Manors,Lake Chadland,
Cordie,Alley,Schadenshire,
Carolyne,Bypass,Kubton,
Lillie,Mission,Maxieville,
Missouri,Circle,East Lianaland,
Ona,Skyway,Hoegermouth,
Margarita,Walks,North Scottiemouth,
Christy,Isle,Augustineberg,
Edythe,Rapids,Lednerfurt,
Vada,Plain,Demetrismouth,
Elvera,Prairie,Lake Daynahaven,
Skyla,Square,Alexaneburgh,
Destiney,Corners,Port Lilyanton,
Abbigail,Burgs,West Ashleehaven,
Lillian,Way,New Jerald,
Alexandrine,Harbors,Lindgrenton,
Wilhelmine,Drive,West Marcusview,
Lily,Point,Port Jacquesmouth,
Bridget,Forge,Port Eleanorestad,
Leola,Pike,New Griffintown,
Serena,Squares,New Modestoshire,
Tyra,Points,Dionstad,
Tiara,Fords,Gorczanyburgh,
Kaylin,Mountains,Fabianview,
Agnes,Shoals,North Demario,
Angeline,Circle,Willside,
Eldora,Mount,East Margaret,
Asia,Branch,Ferryland,
Erika,Forks,Beerburgh,
Tessie,Island,Hayleeburgh,
Athena,Cliff,Tyreltown,
Eva,Way,North Savannahland,
Carmela,Brooks,Kristianmouth,
Alicia,Center,New Kobyfurt,
Alba,Rapids,Lake Deloresfurt,
Abby,Station,Kuphalhaven,
Jody,Causeway,Windlerport,
Alberta,Shores,North Monique,
Gloria,Plains,Wizaside,
Darby,Union,Schinnerville,
Gerda,Ways,Bodefurt,
Helen,Courts,Berneiceport,
Dahlia,Trail,Isaiville,
Fannie,Shore,Port Okeymouth,
Shanie,Plain,Lake Zechariahville,
Loraine,Way,Trentfurt,
Jacynthe,Fort,Wardmouth,
Christina,Village,Port Isabellborough,
Dannie,Throughway,Agustinatown,
Billie,Canyon,Lake Brielle,
Beatrice,Stravenue,Keyshawntown,
Maida,Bridge,Leschberg,
Lilliana,Freeway,Larissaburgh,
Edna,Lock,Amosside,
Eileen,Isle,Cielofort,
Priscilla,Tunnel,New Garryview,
Marian,Centers,Juliannehaven,
Scarlett,Track,East Domenic,
Cortney,Hollow,Port Shannon,
Otilia,Mission,Port Bulah,
Esmeralda,Fork,Rempelstad,
Malvina,Highway,North Aaron,
Samanta,Island,Port Sigmund,
Maud,Mountains,Clementinaport,
Mckayla,Plaza,Durganmouth,
Zula,Common,Port Margarita,
Hettie,Neck,Elveraview,
Rosalee,Knoll,South Brianneton,
Carmella,Stream,South Brookland,
Dena,Greens,East Ewellfort,
Karine,Cliff,New Adellaview,
Hollie,Key,Arvelmouth,
Shawna,Loop,Gerholdmouth,
Jodie,Corners,West Adela,
Lexie,Brook,South Pauline,
Shany,Court,South Adrainshire,
Amy,Heights,North Lorenzo,
Muriel,Village,Boehmton,
Ruby,Coves,North Nina,
Samara,Flat,New Lexishire,
Ariane,Island,New Nathanael,
Maida,Ways,Medhurstfurt,
Nettie,Ferry,East Stefanie,
Muriel,Junction,West Vaughn,
Destiney,Mills,Lurlinebury,
Queen,Ridges,North Angie,
Eleanora,Terrace,Jerrodport,
Zelma,Plaza,Port Fabiola,
Carmela,Gardens,Mabelbury,
Breana,Estate,West Francisca,
Amara,Views,South Tevinmouth,
Delphia,Stravenue,Port Hansland,
Allene,Light,West Jessica,
Jadyn,Crossing,Port Thorashire,
Michele,Ville,Opalfurt,
Loraine,Turnpike,North Luz,
Rosemarie,Mission,New Maria,
Annalise,Park,Tillmanville,
Kariane,Landing,Port Gerhardport,
Vicenta,Divide,Dachfurt,
Shayna,Haven,Pfefferland,
Bethel,Club,Batzborough,
Isobel,Stravenue,New Myrnastad,
Candace,Passage,Lake Letitiaburgh,
Kaci,Crossing,Obiemouth,
Laurine,Plains,Hellenborough,
Carolanne,Pine,South Altafort,
Berneice,Center,Clementborough,
Adelia,Crossroad,Reillyborough,
Sonya,Street,New Metaborough,
Breanne,Canyon,Lowechester,
Jolie,Freeway,West Kieran,
Ludie,Ville,Christineborough,
Duane,Lane,Reynoldbury,
Rosella,Burg,Lazaromouth,
May,Mill,Leorabury,
Elenora,Park,South Keegan,
Myrtie,Wells,South Candacefurt,
Aliya,Plain,Darianberg,
Kaya,Estates,South Rosendoberg,
Estelle,Forks,Predovictown,
Isobel,Route,West Bud,
Pat,Glens,Harrischester,
Icie,Branch,Dahliafort,
Jayda,Shoals,Uniqueberg,
Thea,Common,Molliechester,
Enola,Avenue,Dashawnport,
Sierra,Plain,Port Lucaschester,
Trinity,Tunnel,Port Trishatown,
Aliyah,Mount,Port Hayleyview,
Maryjane,Centers,South Gabrielleside,
Assunta,Ramp,Lake Reba,
Rebeka,Trace,South Aric,
Nya,Turnpike,Nonaborough,
Ludie,Pines,East Gissellefort,
Ellie,Gateway,Lake Domenic,
Kallie,Inlet,Port Autumn,
Lina,Streets,Yostberg,
Janae,Circle,East Ledatown,
Ashleigh,Viaduct,Lake Jamel,
Angeline,Burg,Schuppeborough,
Joy,Turnpike,North Amieshire,
Liana,Wall,Bergstromside,
Brisa,Burgs,West Susie,
Ressie,Plaza,Langworthfurt,
Eulalia,Mountains,West Fritz,
Janiya,Corner,Willburgh,
Jany,Lakes,New Mekhi,
Sabryna,Inlet,New Alysha,
Vada,Points,Moenmouth,
Lenora,Meadow,West Bernhardland,
Demetris,Mission,Courtneyside,
Rosina,Isle,Port Kyleigh,
Christiana,Trace,South Jessikaport,
Mae,Road,North Jamal,
Joanne,Station,West Mabel,
Meda,Shoal,Abbottville,
Eudora,Estate,Beerborough,
Madge,Mountains,Karleeview,
Norma,Falls,Lake Johnnie,
Aracely,Lakes,Jonathonborough,
Alexandrine,Haven,Lake Leeland,
Bernita,Neck,Metzside,
Brisa,Island,Prohaskafurt,
Effie,Union,Trompfurt,
Dolores,Creek,Lake Rosendoview,
Janet,Place,Rettafurt,
Candace,Drive,North Burniceborough,
Betty,Ranch,Jamarhaven,
Shanelle,Curve,West Micah,
Eliza,Lane,Rennerside,
Raquel,Field,Lake Zack,
Claire,Greens,Port Maudchester,
Kitty,Fork,Bednarfort,
Carmen,Vista,Schummberg,
Hollie,Fort,East Cyrusport,
Leonie,Lake,South Zolamouth,
Dorris,Port,East Alba,
Ashtyn,Common,Port Lillianafort,
Zena,Street,Schultzhaven,
Delia,Mission,Anneburgh,
Esperanza,Gateway,Lake Cristophermouth,
Crystal,Lane,Kobyshire,
Leonora,Radial,Port Martinamouth,
Nyasia,Fort,South Adrianna,
Valentine,Cove,Abnerberg,
Myrtice,Motorway,West Eleonore,
Samara,Crest,New Abel,
Lacy,Landing,Carterview,
Ora,Plain,North Aylin,
Adelia,Forks,West Helen,
Dena,Forks,Mavisland,
Imogene,Orchard,Lake Jacksonmouth,
Alisa,Circle,Aimeefort,
Adrianna,Shoal,Dickensfort,
Maia,Crest,Fritschport,
Luna,River,North Natalie,
Liliana,Mountain,Koelpinmouth,
Natasha,Stravenue,Dejahburgh,
Margie,Well,Ahmadbury,
Otha,Tunnel,West Aglaeborough,
Jena,Pike,Stefaniehaven,
Myrtle,Brook,Aracelyside,
Evalyn,Field,North Marysechester,
Geraldine,Forks,North Wymanmouth,
Lonie,Camp,Busterhaven,
Roslyn,Turnpike,East Eliezer,
Allison,Drive,Leonorhaven,
Ernestina,Burgs,Lebsackmouth,
Sydnie,Lights,Hazlestad,
Elmira,Plaza,Port Annettamouth,
Arianna,Meadows,East Lukasmouth,
Yasmeen,Spring,West Lucasborough,
Fannie,Fall,East Alyciashire,
Annabelle,Landing,East Elodyfurt,
Edythe,Camp,North Vito,
Bettie,Park,New Brigitte,
Imelda,Shore,Christiansenshire,
Andreane,Inlet,New Violaland,
Deanna,Mountain,North Keenan,
Kathryne,Expressway,South Paxton,
Celia,Tunnel,Giuseppeborough,
Nyasia,Isle,O\Connelltown,
Zetta,Lodge,Boganview,
Janet,Club,Coleland,
Malvina,Centers,Aldenbury,
Idell,Lodge,Faheyland,
Aliyah,Fall,Port Terrance,
Chanel,Port,Bernierville,
Barbara,Cove,Mariahshire,
Eloisa,Summit,East Heathtown,
Marian,Garden,Port Nathanfurt,
Demetris,Locks,North Jace,
Amara,Forges,West Diamondfort,
Citlalli,Mission,New Dora,
Marie,Coves,Lake Leliaside,
Elfrieda,Canyon,Lake Kaseyhaven,
Rae,Flats,Reicheltown,
Bulah,Alley,Alektown,
Amalia,Spring,Lake Zachariahfurt,
Daphne,Mount,New Gerson,
Stephanie,Trail,Yundtchester,
Genesis,Ways,Brooketown,
Hortense,Fords,North Howell,
Earnestine,Fork,East Kianna,
Meghan,Place,Port Dominic,
Juliana,Cliff,New Emelia,
Myrtice,Park,East Asha,
Lea,Via,Lake Kielhaven,
Syble,Row,Alfredtown,
Aaliyah,Lodge,North Mercedestown,
Kiara,Corner,Kendrickville,
Hellen,Meadows,New Katlynnland,
Pearl,Parkway,Port Elliott,
Sydni,Turnpike,East Rubie,
Diana,Place,Julialand,
Mozell,Courts,New Enochside,
Eloisa,Curve,West Adonisland,
Blanche,Pine,South Roycestad,
Vivienne,Gateway,Haagchester,
Alivia,Place,West Albertahaven,
Chanel,Port,New Ashashire,
Kallie,Island,Mayertborough,
Layla,Corner,Lake Edwinburgh,
Mona,Groves,Kulasmouth,
Shawna,Walks,Rosariotown,
Kelly,Roads,Rogelioview,
Priscilla,Fords,Port Sarahville,
Brooklyn,Rapids,North Jeffreyshire,
Erica,Pass,Mafaldaburgh,
Addie,Island,New Robbiechester,
Gertrude,Manor,Estherbury,
Myra,Highway,Gabrielleshire,
Lonie,Meadows,South Yazminville,
Oleta,Road,East Jeramie,
Gregoria,Views,Zemlakmouth,
Samanta,Glen,Paucekhaven,
Darby,Throughway,Smithammouth,
Kylie,Isle,West Raphaelle,
Iliana,Avenue,Kacimouth,
Rahsaan,Cliffs,Jacobihaven,
Elizabeth,Summit,Lake Ida,
Rubie,Roads,North Xavierstad,
Della,Drive,Colinton,
Bernita,Shore,Port Karianehaven,
Celia,Villages,Kellyhaven,
Jaunita,Causeway,Lockmanstad,
Stephanie,Gateway,West Dewayne,